SampleID	Dataset	BarcodeSequence	LinkerPrimerSequence	BarcodePlate	Well	Month	Month_num	Depth_range	Depth_min	Depth_max	Replicate
Jun-0-20-R1	16S	CCGCCGTAGGGC	GTGTGYCAGCMGCCGCGGTAA	12	A1	June	6	0-20	0	20	1
Jun-60-80-R1	16S	ATTACTACACTC	GTGTGYCAGCMGCCGCGGTAA	12	A10	June	6	60-80	60	80	1
Jun-60-80-R2	16S	ATTTAATCATCG	GTGTGYCAGCMGCCGCGGTAA	12	A11	June	6	60-80	60	80	2
Jun-60-80-R3	16S	TCGTGACGCTAA	GTGTGYCAGCMGCCGCGGTAA	12	A12	June	6	60-80	60	80	3
Jun-0-20-R2	16S	ACGCGTGCCCGG	GTGTGYCAGCMGCCGCGGTAA	12	A2	June	6	0-20	0	20	2
Jun-0-20-R3	16S	CACTTAAGAGAA	GTGTGYCAGCMGCCGCGGTAA	12	A3	June	6	0-20	0	20	3
Jun-20-40-R1	16S	CAGAAGGTGTGG	GTGTGYCAGCMGCCGCGGTAA	12	A4	June	6	20-40	20	40	1
Jun-20-40-R2	16S	GAGCCTCCCTCC	GTGTGYCAGCMGCCGCGGTAA	12	A5	June	6	20-40	20	40	2
Jun-20-40-R3	16S	ACTTTCTTCGAA	GTGTGYCAGCMGCCGCGGTAA	12	A6	June	6	20-40	20	40	3
Jun-40-60-R1	16S	CGCCGCCAGGTG	GTGTGYCAGCMGCCGCGGTAA	12	A7	June	6	40-60	40	60	1
Jun-40-60-R2	16S	CGACTGCAGCTT	GTGTGYCAGCMGCCGCGGTAA	12	A8	June	6	40-60	40	60	2
Jun-40-60-R3	16S	ACCGTCTTTCTC	GTGTGYCAGCMGCCGCGGTAA	12	A9	June	6	40-60	40	60	3
Jun-80-100-R1	16S	GTCCACTTGGAC	GTGTGYCAGCMGCCGCGGTAA	12	B1	June	6	80-100	80	100	1
Aug-40-60-R1	16S	AGAAACAGCTCT	GTGTGYCAGCMGCCGCGGTAA	12	B10	August	8	40-60	40	60	1
Aug-40-60-R2	16S	TGCGCAAAGGAG	GTGTGYCAGCMGCCGCGGTAA	12	B11	August	8	40-60	40	60	2
Aug-40-60-R3	16S	CCGAAGATTCTG	GTGTGYCAGCMGCCGCGGTAA	12	B12	August	8	40-60	40	60	3
Jun-80-100-R2	16S	TCAAACTTTCGT	GTGTGYCAGCMGCCGCGGTAA	12	B2	June	6	80-100	80	100	2
Jun-80-100-R3	16S	AGGTACGCAATT	GTGTGYCAGCMGCCGCGGTAA	12	B3	June	6	80-100	80	100	3
Aug-0-20-R1	16S	CGTGGAAGACGA	GTGTGYCAGCMGCCGCGGTAA	12	B4	August	8	0-20	0	20	1
Aug-0-20-R2	16S	GAATAAGCTGAT	GTGTGYCAGCMGCCGCGGTAA	12	B5	August	8	0-20	0	20	2
Aug-0-20-R3	16S	AGAATAGCGCTT	GTGTGYCAGCMGCCGCGGTAA	12	B6	August	8	0-20	0	20	3
Aug-20-40-R1	16S	AGGTCCAAATCA	GTGTGYCAGCMGCCGCGGTAA	12	B7	August	8	20-40	20	40	1
Aug-20-40-R2	16S	AACGAATACCAC	GTGTGYCAGCMGCCGCGGTAA	12	B8	August	8	20-40	20	40	2
Aug-20-40-R3	16S	CTCGACTGCCTG	GTGTGYCAGCMGCCGCGGTAA	12	B9	August	8	20-40	20	40	3
Aug-60-80-R1	16S	GCAGGCCCACGA	GTGTGYCAGCMGCCGCGGTAA	12	C1	August	8	60-80	60	80	1
Oct-20-40-R1	16S	CGCCCTCTTCTT	GTGTGYCAGCMGCCGCGGTAA	12	C10	October	10	20-40	20	40	1
Oct-20-40-R2	16S	TCACCTCCTTGT	GTGTGYCAGCMGCCGCGGTAA	12	C11	October	10	20-40	20	40	2
Oct-20-40-R3	16S	CGGTGCGAAAGC	GTGTGYCAGCMGCCGCGGTAA	12	C12	October	10	20-40	20	40	3
Aug-60-80-R2	16S	ATGAATGCGTCC	GTGTGYCAGCMGCCGCGGTAA	12	C2	August	8	60-80	60	80	2
Aug-60-80-R3	16S	CGGTTCACATAG	GTGTGYCAGCMGCCGCGGTAA	12	C3	August	8	60-80	60	80	3
Aug-80-100-R1	16S	CAGAGGCAGGCT	GTGTGYCAGCMGCCGCGGTAA	12	C4	August	8	80-100	80	100	1
Aug-80-100-R2	16S	GAGGCTGATTTA	GTGTGYCAGCMGCCGCGGTAA	12	C5	August	8	80-100	80	100	2
Aug-80-100-R3	16S	TGAGCTGCGGGA	GTGTGYCAGCMGCCGCGGTAA	12	C6	August	8	80-100	80	100	3
Oct-0-20-R1	16S	TAGTTGAGCTGA	GTGTGYCAGCMGCCGCGGTAA	12	C7	October	10	0-20	0	20	1
Oct-0-20-R2	16S	CCATTAGTTCCT	GTGTGYCAGCMGCCGCGGTAA	12	C8	October	10	0-20	0	20	2
Oct-0-20-R3	16S	TTGATAGTCTTA	GTGTGYCAGCMGCCGCGGTAA	12	C9	October	10	0-20	0	20	3
Oct-40-60-R1	16S	ACAGAGAATTAC	GTGTGYCAGCMGCCGCGGTAA	12	D1	October	10	40-60	40	60	1
Oct-40-60-R2	16S	CGGGCACCGGTC	GTGTGYCAGCMGCCGCGGTAA	12	D2	October	10	40-60	40	60	2
Oct-40-60-R3	16S	GTGTACATAACG	GTGTGYCAGCMGCCGCGGTAA	12	D3	October	10	40-60	40	60	3
Oct-60-80-R1	16S	TTCTTTGCAATG	GTGTGYCAGCMGCCGCGGTAA	12	D4	October	10	60-80	60	80	1
Oct-60-80-R2	16S	GACTTATGCCCG	GTGTGYCAGCMGCCGCGGTAA	12	D5	October	10	60-80	60	80	2
Oct-60-80-R3	16S	GACTAGTCAGCT	GTGTGYCAGCMGCCGCGGTAA	12	D6	October	10	60-80	60	80	3
Oct-80-100-R1	16S	CGTCTTTGATAT	GTGTGYCAGCMGCCGCGGTAA	12	D7	October	10	80-100	80	100	1
Oct-80-100-R2	16S	CAGTGATACTGC	GTGTGYCAGCMGCCGCGGTAA	12	D8	October	10	80-100	80	100	2
Oct-80-100-R3	16S	ATAGATCAGAAC	GTGTGYCAGCMGCCGCGGTAA	12	D9	October	10	80-100	80	100	3
